idrelatorio,idtemplrel,nmrelatorio,tpgestor,argroup,arfield,arorder,arwhere,dsrelatorio,arwherelista,tpagrup,dtcriado,dtultimaalteracao
3,proxaca,Prazos das ações,cacb,,"a:11:{s:8:""cdd.iduf"";N;s:12:""cdd.nmcidade"";N;s:12:""nuc.nmnucleo"";N;s:13:""pro.nmprojeto"";N;s:9:""pro.dtini"";N;s:9:""pro.dtfim"";N;s:10:""aca.nuacao"";N;s:10:""aca.stacao"";N;s:10:""aca.nmacao"";N;s:12:""aca.dtinicio"";N;s:6:""adtfim"";s:19:""aca.dtfim AS adtfim"";}","a:3:{s:2:""uf"";s:3:""asc"";s:5:""cidad"";s:3:""asc"";s:6:""nucleo"";s:3:""asc"";}",,Informações diversas sobre as ações de todos os projetos,"a:1:{i:0;s:2:""uf"";}",,2014-04-10,2014-04-18
4,proxaca,Ações II,cacb,,"a:6:{s:8:""cdd.iduf"";N;s:12:""cdd.nmcidade"";N;s:12:""nuc.nmnucleo"";N;s:10:""aca.nuacao"";N;s:10:""aca.nmacao"";N;s:10:""aca.dsacao"";N;}","a:2:{s:2:""uf"";s:3:""asc"";s:5:""cidad"";s:3:""asc"";}",,"UF, Cidade, Núcleo, Nome e Descrição","a:1:{i:0;s:2:""uf"";}",,2014-04-11,2014-04-11
9,proxlan,Data do pagamento,cacb,,"a:10:{s:8:""cdd.iduf"";N;s:12:""cdd.nmcidade"";N;s:13:""pro.nmprojeto"";N;s:10:""lan.idlanc"";N;s:14:""lan.tpfonterec"";N;s:15:""lan.dtaprovacao"";N;s:15:""lan.dtpagamento"";N;s:10:""lan.tplanc"";N;s:12:""lan.flecofin"";N;s:10:""lan.vllanc"";N;}","a:3:{s:2:""uf"";s:3:""asc"";s:5:""cidad"";s:3:""asc"";s:4:""proj"";s:3:""asc"";}",,verificar data de pagamento,"a:1:{i:0;s:2:""uf"";}",,2014-11-04,
10,proxaca,Término de projetos,cacb,,"a:4:{s:12:""cdd.nmcidade"";N;s:14:""epp.nmentidade"";N;s:12:""nuc.nmnucleo"";N;s:9:""pro.dtfim"";N;}","a:2:{s:5:""cidad"";s:3:""asc"";s:6:""nucleo"";s:3:""asc"";}",,Relaciona as datas de encerramento dos projetos,"a:1:{i:0;s:5:""cidad"";}",,2014-11-12,
12,proxlan,EC 2013 - Receitas e Despesas,cacb,"cdd.iduf, cdd.nmcidade","a:9:{s:8:""cdd.iduf"";N;s:12:""cdd.nmcidade"";N;s:8:""totalpro"";s:42:""COUNT(DISTINCT pro.idprojeto) AS totalproj"";s:7:""vlrcacb"";s:102:""SUM(CASE WHEN lan.tpfonterec = 'rcacb' AND lan.tplanc = 'recei' THEN lan.vllanc ELSE 0 END) AS vlrcacb"";s:7:""vlrcsub"";s:102:""SUM(CASE WHEN lan.tpfonterec = 'contr' AND lan.tplanc = 'recei' THEN lan.vllanc ELSE 0 END) AS vlrcsub"";s:6:""vlrtot"";s:72:""SUM(CASE WHEN lan.tplanc = 'recei' THEN lan.vllanc ELSE 0 END) AS vlrtot"";s:7:""vldcacb"";s:102:""SUM(CASE WHEN lan.tpfonterec = 'rcacb' AND lan.tplanc = 'despe' THEN lan.vllanc ELSE 0 END) AS vldcacb"";s:7:""vldcsub"";s:102:""SUM(CASE WHEN lan.tpfonterec = 'contr' AND lan.tplanc = 'despe' THEN lan.vllanc ELSE 0 END) AS vldcsub"";s:6:""vldtot"";s:72:""SUM(CASE WHEN lan.tplanc = 'despe' THEN lan.vllanc ELSE 0 END) AS vldtot"";}",,,,,ufp,2014-11-25,2014-11-25
13,proxlan,Receita - tentativa,cacb,"cdd.iduf, cdd.iduf, cdd.nmcidade","a:4:{s:8:""cdd.iduf"";N;s:12:""cdd.nmcidade"";N;s:7:""vlrcacb"";s:102:""SUM(CASE WHEN lan.tpfonterec = 'rcacb' AND lan.tplanc = 'recei' THEN lan.vllanc ELSE 0 END) AS vlrcacb"";s:7:""vlrcsub"";s:102:""SUM(CASE WHEN lan.tpfonterec = 'contr' AND lan.tplanc = 'recei' THEN lan.vllanc ELSE 0 END) AS vlrcsub"";}","a:2:{s:2:""uf"";s:3:""asc"";s:5:""cidad"";s:3:""asc"";}",,Apenas uma tentativa de verificar as receitas dos projetos,"a:1:{i:0;s:5:""cidad"";}",ufp,2014-11-26,
14,proxpar,Parcelas,cacb,,"a:5:{s:8:""cdd.iduf"";N;s:12:""cdd.nmcidade"";N;s:12:""nuc.nmnucleo"";N;s:13:""par.idparcela"";N;s:18:""par.dtliberacaorec"";N;}","a:3:{s:2:""uf"";s:3:""asc"";s:5:""cidad"";s:3:""asc"";s:6:""nucleo"";s:3:""asc"";}",,Mostra a última parcela liberada ao projeto,,,2015-01-21,2015-01-21
15,empxpro,Empresas,cacb,,"a:8:{s:8:""cid.iduf"";N;s:14:""epp.nmentidade"";N;s:12:""cid.nmcidade"";N;s:12:""pro.flstatus"";N;s:16:""emp.flfiliadoace"";N;s:14:""emp.nmfantasia"";N;s:17:""emp.nurazaosocial"";N;s:12:""nuc.nmnucleo"";N;}",,,Relação das empresas participantes,,,2015-02-19,2015-02-19
16,proxlan,Relatório Analítico,cacb,,"a:16:{s:8:""cdd.iduf"";N;s:12:""cdd.nmcidade"";N;s:12:""nuc.nmnucleo"";N;s:13:""pro.nmprojeto"";N;s:14:""lan.tpfonterec"";N;s:10:""lan.idlanc"";N;s:15:""lan.dtdocumento"";N;s:10:""lan.dtlanc"";N;s:10:""lan.dsdesp"";N;s:14:""lan.flnatureza"";N;s:12:""lan.nmcredor"";N;s:16:""lan.stlancamento"";N;s:10:""lan.tplanc"";N;s:10:""lan.vllanc"";N;s:15:""lan.dtpagamento"";N;s:12:""lan.flecofin"";N;}","a:3:{s:2:""uf"";s:3:""asc"";s:5:""cidad"";s:3:""asc"";s:4:""proj"";s:3:""asc"";}","a:1:{s:1:""f"";a:1:{i:0;s:2:""uf"";}}",Avaliação dos lançamentos,"a:1:{i:0;s:2:""uf"";}",,2015-03-05,2015-03-09
18,proxaca,Relatório Status,cacb,,"a:8:{s:8:""cdd.iduf"";N;s:12:""cdd.nmcidade"";N;s:12:""nuc.nmnucleo"";N;s:10:""aca.nuacao"";N;s:10:""aca.stacao"";N;s:14:""aca.vlrecucacb"";N;s:19:""aca.vlrecuentidecon"";N;s:19:""aca.vlrecuentidfina"";N;}","a:3:{s:2:""uf"";s:3:""asc"";s:5:""cidad"";s:3:""asc"";s:6:""nucleo"";s:3:""asc"";}",,Status técnico X Financeiro,,,2015-03-11,
19,proxpar,Relatório de libe Parcelas,cacb,,"a:5:{s:8:""cdd.iduf"";N;s:12:""cdd.nmcidade"";N;s:12:""nuc.nmnucleo"";N;s:13:""par.idparcela"";N;s:18:""par.vlparcliberada"";N;}","a:3:{s:2:""uf"";s:3:""asc"";s:5:""cidad"";s:3:""asc"";s:6:""nucleo"";s:3:""asc"";}",,Verificar as parcelas liberadas nas UFs,,,2015-03-11,
20,proxpar,Recurso liberado,cacb,,"a:5:{s:8:""cdd.iduf"";N;s:12:""cdd.nmcidade"";N;s:12:""nuc.nmnucleo"";N;s:13:""par.idparcela"";N;s:18:""par.vlparcliberada"";N;}","a:3:{s:2:""uf"";s:3:""asc"";s:5:""cidad"";s:3:""asc"";s:6:""nucleo"";s:3:""asc"";}",,Verificar o recurso liberado e o número de parcelas liberadas,,,2015-03-30,
22,proxaca,Lista de ações,cacb,,"a:6:{s:8:""cdd.iduf"";N;s:12:""cdd.nmcidade"";N;s:12:""nuc.nmnucleo"";N;s:13:""pro.nmprojeto"";N;s:10:""aca.nmacao"";N;s:10:""aca.dsacao"";N;}","a:3:{s:2:""uf"";s:3:""asc"";s:5:""cidad"";s:3:""asc"";s:6:""nucleo"";s:3:""asc"";}","a:1:{s:1:""f"";a:1:{i:0;s:2:""uf"";}}",Lista com todas as ações de todos os projetos,"a:1:{i:0;s:2:""uf"";}",,2015-06-19,2017-04-25
23,proxlan,Relatorio tipo lançamento,cacb,,"a:10:{s:8:""cdd.iduf"";N;s:12:""cdd.nmcidade"";N;s:12:""nuc.nmnucleo"";N;s:15:""lan.dtpagamento"";N;s:16:""lan.stlancamento"";N;s:11:""lan.idgrupo"";N;s:12:""lan.flecofin"";N;s:14:""lan.tpfonterec"";N;s:10:""lan.dsdesp"";N;s:10:""lan.vllanc"";N;}","a:3:{s:2:""uf"";s:3:""asc"";s:5:""cidad"";s:3:""asc"";s:6:""nucleo"";s:3:""asc"";}",,Apresenta as despesas segundo o tipo de lançamento,"a:1:{i:0;s:6:""stlanc"";}",,2015-06-25,2015-06-25
24,fedxass,Banco de dados EC,cacb,,"a:2:{s:11:""fed.nmrazao"";N;s:8:""cid.iduf"";N;}","a:2:{s:8:""razaofed"";s:3:""asc"";s:2:""uf"";s:3:""asc"";}",,Federação x ACE,"a:1:{i:0;s:8:""razaofed"";}",,2015-08-14,2015-12-23
25,nucxemp,Núcleos e empresas,cacb,,"a:7:{s:11:""cidass.iduf"";N;s:15:""cidass.nmcidade"";N;s:12:""nuc.nmnucleo"";N;s:14:""seg.dssegmento"";N;s:10:""flativonuc"";s:25:""nuc.flativo AS flativonuc"";s:13:""emp.nucnpjcpf"";N;s:14:""emp.nmfantasia"";N;}",,,,,,2015-10-14,
26,nucxemp,Núcleos e empresas,cacb,,"a:10:{s:11:""cidass.iduf"";N;s:15:""cidass.nmcidade"";N;s:10:""flativonuc"";s:25:""nuc.flativo AS flativonuc"";s:12:""nuc.nmnucleo"";N;s:14:""seg.dssegmento"";N;s:13:""emp.nucnpjcpf"";N;s:14:""emp.nmfantasia"";N;s:10:""emp.nufone"";N;s:13:""con.nmcontato"";N;s:11:""emp.dsemail"";N;}",,,Relaciona as empresas associadas aos núcleos setoriais,"a:2:{i:0;s:5:""uface"";i:1;s:6:""cidace"";}",,2015-11-16,2015-11-18
27,fedxass,Lista Aces,cacb,,"a:5:{s:11:""fed.nmrazao"";N;s:8:""cid.iduf"";N;s:12:""cid.nmcidade"";N;s:11:""ass.dsemail"";N;s:11:""emailgestor"";s:24:""usu.dsemail AS emailgest"";}","a:3:{s:2:""uf"";s:3:""asc"";s:8:""razaofed"";s:3:""asc"";s:5:""cidad"";s:3:""asc"";}",,Lista de emails ACEs,"a:2:{i:0;s:8:""razaofed"";i:1;s:2:""uf"";}",,2015-12-24,
28,nucxemp,Relação Segmento,cacb,,"a:5:{s:11:""cidass.iduf"";N;s:15:""cidass.nmcidade"";N;s:14:""seg.dssegmento"";N;s:12:""nuc.nmnucleo"";N;s:12:""emp.nunumero"";N;}","a:3:{s:5:""uface"";s:3:""asc"";s:6:""cidace"";s:3:""asc"";s:5:""dsseg"";s:3:""asc"";}",,Relatório para o AlInvest,"a:1:{i:0;s:5:""uface"";}",,2016-01-08,2016-01-08
29,proxaca,Relação CONV2015,cacb,,"a:9:{s:13:""epp.nmchamada"";N;s:8:""cdd.iduf"";N;s:12:""cdd.nmcidade"";N;s:10:""aca.nuacao"";N;s:10:""aca.nmacao"";N;s:14:""aca.vlrecucacb"";N;s:19:""aca.vlrecuentidfina"";N;s:19:""aca.vlrecuentidecon"";N;s:15:""aca.vlrecutotal"";N;}","a:3:{s:4:""cham"";s:3:""asc"";s:2:""uf"";s:3:""asc"";s:5:""cidad"";s:3:""asc"";}",,Relação de projetos Empreender Convencional 2015,"a:1:{i:0;s:4:""cham"";}",,2016-01-29,2016-01-29
30,proxaca,Relatório Financeiro CONV2015,cacb,,"a:10:{s:14:""epp.nmentidade"";N;s:13:""epp.nmchamada"";N;s:12:""nuc.nmnucleo"";N;s:8:""cdd.iduf"";N;s:12:""cdd.nmcidade"";N;s:14:""aca.vlrecucacb"";N;s:19:""aca.vlrecuentidfina"";N;s:19:""aca.vlrecuentidecon"";N;s:19:""aca.vlrecucontrapar"";N;s:15:""aca.vlrecutotal"";N;}","a:3:{s:4:""cham"";s:3:""asc"";s:2:""uf"";s:3:""asc"";s:5:""cidad"";s:3:""asc"";}",,Relatório financeiro,"a:1:{i:0;s:2:""uf"";}",,2016-07-06,
31,proxlan,Despesas e receitas 2016/06,cacb,,"a:9:{s:13:""epp.nmchamada"";N;s:14:""lan.tpfonterec"";N;s:16:""lan.stlancamento"";N;s:12:""cdd.nmcidade"";N;s:10:""lan.tplanc"";N;s:15:""lan.dtpagamento"";N;s:15:""lan.dtdocumento"";N;s:10:""lan.vllanc"";N;s:12:""lan.nmcredor"";N;}","a:2:{s:4:""cham"";s:3:""asc"";s:5:""cidad"";s:3:""asc"";}",,Tentativa,"a:1:{i:0;s:4:""cham"";}",,2016-07-06,2016-07-06
32,nucxemp,2016 - Empresas nucleadas,cacb,,"a:10:{s:15:""cidass.nmcidade"";N;s:8:""acerazao"";s:23:""ass.nmrazao AS acerazao"";s:12:""nuc.nmnucleo"";N;s:14:""seg.dssegmento"";N;s:17:""emp.nurazaosocial"";N;s:14:""emp.nmfantasia"";N;s:13:""emp.nucnpjcpf"";N;s:10:""emp.nufone"";N;s:13:""con.nmcontato"";N;s:11:""emp.dsemail"";N;}","a:1:{s:10:""nucfantasi"";s:3:""asc"";}",,Este relatório apresenta a relação de empresas nucleadas,"a:2:{i:0;s:6:""cidace"";i:1;s:6:""nucleo"";}",,2016-07-08,2016-07-11
33,nucxemp,NS Mulher Empresária,cacb,,"a:16:{s:11:""cidass.iduf"";N;s:15:""cidass.nmcidade"";N;s:11:""emp.flativo"";N;s:11:""str.dssetor"";N;s:20:""emp.cdformalinformal"";N;s:16:""emp.flfiliadoace"";N;s:14:""ram.nmramoativ"";N;s:17:""emp.nurazaosocial"";N;s:14:""emp.nmfantasia"";N;s:13:""con.nmcontato"";N;s:10:""emp.nufone"";N;s:11:""emp.dsemail"";N;s:13:""emp.nucnpjcpf"";N;s:12:""nuc.nmnucleo"";N;s:14:""seg.dssegmento"";N;s:10:""flativonuc"";s:25:""nuc.flativo AS flativonuc"";}","a:3:{s:6:""cidace"";s:3:""asc"";s:6:""nucleo"";s:3:""asc"";s:6:""status"";s:3:""asc"";}",,Análise de setor/ramo de atividade das empresárias participantes dos NS Mulher Empresária,"a:3:{i:0;s:5:""flace"";i:1;s:6:""nucleo"";i:2;s:7:""statusn"";}",,2016-08-01,2020-07-30
34,nucxemp,Relatório Empresas associadas,fedr,,"a:5:{s:15:""cidass.nmcidade"";N;s:11:""cidass.iduf"";N;s:16:""emp.flfiliadoace"";N;s:11:""emp.flativo"";N;s:12:""nuc.nmnucleo"";N;}","a:3:{s:5:""uface"";s:3:""asc"";s:6:""cidace"";s:3:""asc"";s:6:""nucleo"";s:3:""asc"";}",,,"a:1:{i:0;s:5:""flace"";}",,2016-08-09,
35,fedxass,Contatos Federações e ACEs,cacb,,"a:5:{s:11:""ass.dsemail"";N;s:11:""emailgestor"";s:24:""usu.dsemail AS emailgest"";s:8:""cid.iduf"";N;s:11:""fed.nmrazao"";N;s:10:""acenmrazao"";s:23:""ass.nmrazao AS acerazao"";}","a:2:{s:2:""uf"";s:3:""asc"";s:8:""razaofed"";s:3:""asc"";}",,,,,2016-08-09,
36,proxlan,Relatório de despesas,cacb,,"a:7:{s:13:""epp.nmchamada"";N;s:8:""cdd.iduf"";N;s:12:""cdd.nmcidade"";N;s:14:""lan.tpfonterec"";N;s:12:""lan.flecofin"";N;s:15:""lan.dtaprovacao"";N;s:10:""lan.vllanc"";N;}","a:3:{s:4:""cham"";s:3:""asc"";s:2:""uf"";s:3:""asc"";s:5:""cidad"";s:3:""asc"";}",,Despesas Empreender Convencional,"a:1:{i:0;s:4:""cham"";}",,2016-09-22,2016-09-22
37,proxlan,Relatório Lanc Aprovados,cacb,,"a:13:{s:13:""epp.nmchamada"";N;s:14:""epp.nmentidade"";N;s:8:""cdd.iduf"";N;s:12:""cdd.nmcidade"";N;s:13:""pro.nmprojeto"";N;s:12:""nuc.nmnucleo"";N;s:10:""lan.idlanc"";N;s:10:""lan.tplanc"";N;s:12:""lan.flecofin"";N;s:14:""lan.tpfonterec"";N;s:16:""lan.stlancamento"";N;s:14:""lan.flnatureza"";N;s:10:""lan.dtlanc"";N;}","a:3:{s:4:""cham"";s:3:""asc"";s:2:""uf"";s:3:""asc"";s:5:""cidad"";s:3:""asc"";}",,Controle de lançamentos aprovados,"a:2:{i:0;s:4:""cham"";i:1;s:9:""nmentprop"";}",,2016-09-30,2019-04-02
38,proxlan,DespesaxReceita,cacb,,"a:9:{s:13:""epp.nmchamada"";N;s:8:""cdd.iduf"";N;s:12:""cdd.nmcidade"";N;s:12:""nuc.nmnucleo"";N;s:14:""lan.tpfonterec"";N;s:10:""lan.tplanc"";N;s:12:""lan.flecofin"";N;s:16:""lan.stlancamento"";N;s:10:""lan.vllanc"";N;}","a:3:{s:4:""cham"";s:3:""asc"";s:2:""uf"";s:3:""asc"";s:5:""cidad"";s:3:""asc"";}",,Despesas x Receita,"a:2:{i:0;s:4:""cham"";i:1;s:2:""uf"";}",,2016-10-03,2016-10-03
39,proxlan,Relatório lançamentos,cacb,,"a:10:{s:13:""epp.nmchamada"";N;s:14:""epp.nmentidade"";N;s:8:""cdd.iduf"";N;s:12:""cdd.nmcidade"";N;s:13:""pro.nmprojeto"";N;s:12:""pro.flstatus"";N;s:12:""nuc.nmnucleo"";N;s:10:""lan.idlanc"";N;s:10:""lan.dtlanc"";N;s:15:""lan.dtaprovacao"";N;}","a:3:{s:4:""cham"";s:3:""asc"";s:9:""nmentprop"";s:3:""asc"";s:2:""uf"";s:3:""asc"";}",,Relatório para verificação,"a:1:{i:0;s:4:""cham"";}",,2017-08-03,
40,proxlan,Resumo - Chamada Projetos,cacb,,"a:16:{s:13:""epp.nmchamada"";N;s:14:""epp.nmentidade"";N;s:8:""cdd.iduf"";N;s:12:""cdd.nmcidade"";N;s:13:""pro.nmprojeto"";N;s:12:""pro.flstatus"";N;s:12:""nuc.nmnucleo"";N;s:16:""lan.stlancamento"";N;s:14:""lan.tpfonterec"";N;s:14:""lan.flnatureza"";N;s:12:""lan.flecofin"";N;s:11:""lan.idgrupo"";N;s:10:""lan.dsdesp"";N;s:10:""lan.tplanc"";N;s:10:""lan.idlanc"";N;s:10:""lan.vllanc"";N;}","a:3:{s:4:""cham"";s:3:""asc"";s:9:""nmentprop"";s:3:""asc"";s:2:""uf"";s:3:""asc"";}",,Despesas realizadas por fonte de recursos,"a:3:{i:0;s:4:""cham"";i:1;s:9:""nmentprop"";i:2;s:2:""uf"";}",,2017-08-25,2017-08-25
41,nucxemp,Relatório Empresas NS,cacb,,"a:10:{s:11:""fed.nmrazao"";N;s:11:""cidass.iduf"";N;s:15:""cidass.nmcidade"";N;s:14:""seg.dssegmento"";N;s:12:""nuc.nmnucleo"";N;s:10:""flativonuc"";s:25:""nuc.flativo AS flativonuc"";s:20:""emp.cdformalinformal"";N;s:14:""emp.nmfantasia"";N;s:13:""con.nmcontato"";N;s:11:""emp.dsemail"";N;}","a:2:{s:5:""uface"";s:3:""asc"";s:5:""dsseg"";s:3:""asc"";}",,Mailing Empresários Convencional,"a:2:{i:0;s:8:""razaofed"";i:1;s:5:""uface"";}",,2017-08-29,2017-08-29
42,proxlan,Relatório lançamentos,cacb,,"a:8:{s:13:""epp.nmchamada"";N;s:8:""cdd.iduf"";N;s:13:""pro.nmprojeto"";N;s:14:""lan.tpfonterec"";N;s:10:""lan.idlanc"";N;s:10:""lan.tplanc"";N;s:12:""lan.flecofin"";N;s:10:""lan.dtlanc"";N;}","a:2:{s:4:""cham"";s:3:""asc"";s:2:""uf"";s:3:""asc"";}",,Quantidade de meses em que houve registros de lançamentos - Prêmio Empreender.,"a:2:{i:0;s:4:""cham"";i:1;s:2:""uf"";}",,2017-09-22,2017-09-22
43,proxlan,Empreender Competitivo,proj,,"a:6:{s:8:""cdd.iduf"";N;s:12:""cdd.nmcidade"";N;s:13:""pro.nmprojeto"";N;s:15:""lan.dtdocumento"";N;s:10:""lan.dsdesp"";N;s:10:""lan.vllanc"";N;}","a:3:{s:2:""uf"";s:3:""asc"";s:5:""cidad"";s:3:""asc"";s:4:""proj"";s:3:""asc"";}",,Modelo de despesas do Empreender Competitivo,"a:1:{i:0;s:4:""proj"";}",,2017-09-25,
44,assxnuc,Prêmio empreender data NS,cacb,,"a:7:{s:11:""fed.nmrazao"";N;s:8:""cid.iduf"";N;s:12:""cid.nmcidade"";N;s:12:""nuc.nmnucleo"";N;s:11:""nuc.flativo"";N;s:14:""seg.dssegmento"";N;s:13:""nuc.dtcriacao"";N;}","a:3:{s:5:""cidad"";s:3:""asc"";s:6:""flativ"";s:4:""desc"";s:5:""dsseg"";s:3:""asc"";}",,Numero de reuniões dos núcleos setoriais para o premio empreender,"a:1:{i:0;s:8:""razaofed"";}",,2017-09-25,2017-09-25
45,nucxemp,Relatórios Empresas 2017,cacb,,"a:9:{s:11:""cidass.iduf"";N;s:15:""cidass.nmcidade"";N;s:12:""nuc.nmnucleo"";N;s:10:""flativonuc"";s:25:""nuc.flativo AS flativonuc"";s:14:""seg.dssegmento"";N;s:13:""emp.nucnpjcpf"";N;s:11:""emp.flativo"";N;s:17:""emp.nurazaosocial"";N;s:14:""emp.nmfantasia"";N;}","a:3:{s:5:""uface"";s:3:""asc"";s:6:""cidace"";s:3:""asc"";s:5:""dsseg"";s:3:""asc"";}",,Relatório com todas as empresas do portal.,"a:2:{i:0;s:5:""uface"";i:1;s:6:""cidace"";}",,2017-09-29,2017-10-02
46,proxaca,Relatório Datas Ações,cacb,,"a:9:{s:13:""epp.nmchamada"";N;s:14:""epp.nmentidade"";N;s:12:""pro.flstatus"";N;s:8:""cdd.iduf"";N;s:13:""pro.nmprojeto"";N;s:12:""cdd.nmcidade"";N;s:12:""nuc.nmnucleo"";N;s:9:""pro.dtini"";N;s:9:""pro.dtfim"";N;}","a:3:{s:4:""cham"";s:3:""asc"";s:9:""nmentprop"";s:3:""asc"";s:2:""uf"";s:3:""asc"";}",,Relatório para verificar as datas INICIAIS E FINAIS dos projetos EC 2017,"a:3:{i:0;s:4:""cham"";i:1;s:9:""nmentprop"";i:2;s:6:""stacao"";}",,2018-08-21,2020-01-17
47,proxlan,Relatório lançamentos EC2017,cacb,,"a:17:{s:13:""epp.nmchamada"";N;s:14:""epp.nmentidade"";N;s:12:""pro.flstatus"";N;s:8:""cdd.iduf"";N;s:12:""cdd.nmcidade"";N;s:12:""nuc.nmnucleo"";N;s:13:""pro.nmprojeto"";N;s:10:""lan.tplanc"";N;s:12:""lan.flecofin"";N;s:14:""lan.tpfonterec"";N;s:11:""lan.idgrupo"";N;s:16:""lan.stlancamento"";N;s:10:""lan.idlanc"";N;s:15:""lan.dtaprovacao"";N;s:14:""lan.flnatureza"";N;s:10:""lan.dsdesp"";N;s:10:""lan.vllanc"";N;}","a:3:{s:4:""cham"";s:3:""asc"";s:9:""nmentprop"";s:3:""asc"";s:6:""status"";s:3:""asc"";}",,Demonstrativo financeiro,"a:1:{i:0;s:4:""cham"";}",,2018-09-17,
48,proxlan,Demonstrativo Financeiro,cacb,,"a:12:{s:13:""epp.nmchamada"";N;s:8:""cdd.iduf"";N;s:14:""epp.nmentidade"";N;s:12:""cdd.nmcidade"";N;s:12:""pro.flstatus"";N;s:10:""lan.idlanc"";N;s:14:""lan.tpfonterec"";N;s:16:""lan.stlancamento"";N;s:14:""lan.flnatureza"";N;s:10:""lan.tplanc"";N;s:12:""lan.flecofin"";N;s:10:""lan.vllanc"";N;}","a:3:{s:4:""cham"";s:3:""asc"";s:2:""uf"";s:3:""asc"";s:6:""status"";s:3:""asc"";}",,ReceitaxDespesa,"a:1:{i:0;s:4:""cham"";}",,2018-10-04,
49,empxpro,Empresas Filiadas MG,cacb,,"a:2:{s:16:""emp.flfiliadoace"";N;s:17:""emp.nurazaosocial"";N;}",,,,"a:1:{i:0;s:5:""flace"";}",,2019-01-09,
50,empxpro,Empresas Filiadas MG/Cidade,cacb,,"a:4:{s:16:""emp.flfiliadoace"";N;s:12:""cid.nmcidade"";N;s:17:""emp.nurazaosocial"";N;s:14:""epp.nmentidade"";N;}",,,,"a:1:{i:0;s:5:""flace"";}",,2019-01-09,
51,assxnuc,Relatório Mulher Empresária,cacb,,"a:5:{s:11:""fed.nmrazao"";N;s:12:""cid.nmcidade"";N;s:14:""seg.dssegmento"";N;s:12:""nuc.nmnucleo"";N;s:11:""nuc.flativo"";N;}","a:2:{s:5:""cidad"";s:3:""asc"";s:5:""dsseg"";s:3:""asc"";}",,Núcleos ativos de Mulheres Empresárias no Brasil,"a:1:{i:0;s:6:""flativ"";}",,2019-04-03,
52,nucxemp,Relatório Empresas Empreender,cacb,,"a:22:{s:11:""fed.nmrazao"";N;s:8:""acerazao"";s:23:""ass.nmrazao AS acerazao"";s:11:""cidass.iduf"";N;s:15:""cidass.nmcidade"";N;s:12:""nuc.nmnucleo"";N;s:14:""seg.dssegmento"";N;s:10:""flativonuc"";s:25:""nuc.flativo AS flativonuc"";s:17:""emp.nurazaosocial"";N;s:14:""emp.nmfantasia"";N;s:11:""emp.flativo"";N;s:11:""str.dssetor"";N;s:14:""ram.nmramoativ"";N;s:17:""emp.nufuncionario"";N;s:14:""emp.dsendereco"";N;s:17:""emp.nucomplemento"";N;s:12:""emp.dsbairro"";N;s:9:""emp.idcep"";N;s:13:""emp.nucnpjcpf"";N;s:13:""con.nmcontato"";N;s:12:""emp.nunumero"";N;s:10:""emp.nufone"";N;s:11:""emp.dsemail"";N;}","a:3:{s:5:""uface"";s:3:""asc"";s:6:""cidace"";s:3:""asc"";s:6:""nucleo"";s:3:""asc"";}",,Relação de empresas,"a:3:{i:0;s:8:""razaofed"";i:1;s:5:""dsseg"";i:2;s:7:""statusn"";}",,2019-04-03,2020-02-12
53,empxpro,Empresas EC2017,cacb,,"a:9:{s:13:""epp.nmchamada"";N;s:14:""epp.nmconvenio"";N;s:14:""epp.nmentidade"";N;s:12:""nuc.nmnucleo"";N;s:12:""cid.nmcidade"";N;s:17:""emp.nurazaosocial"";N;s:14:""emp.nmfantasia"";N;s:13:""usu.nmusuario"";N;s:14:""seg.dssegmento"";N;}","a:3:{s:4:""cham"";s:3:""asc"";s:6:""nucleo"";s:3:""asc"";s:5:""cidad"";s:3:""asc"";}",,Empresas participantes dos projetos EC2017,"a:1:{i:0;s:4:""cham"";}",,2020-02-12,
54,assxnuc,Relatório Adriana,cacb,,"a:8:{s:11:""fed.nmrazao"";N;s:8:""acerazao"";s:23:""ass.nmrazao as acerazao"";s:8:""cid.iduf"";N;s:12:""cid.nmcidade"";N;s:12:""nuc.nmnucleo"";N;s:11:""nuc.flativo"";N;s:14:""seg.dssegmento"";N;s:13:""usu.nmusuario"";N;}","a:3:{s:2:""uf"";s:3:""asc"";s:5:""cidad"";s:3:""asc"";s:8:""acerazao"";s:3:""asc"";}",,Para atualização de dados de NS,"a:1:{i:0;s:2:""uf"";}",,2020-02-28,
55,nucxemp,Relatório Adriana2,cacb,,"a:9:{s:11:""fed.nmrazao"";N;s:11:""cidass.iduf"";N;s:15:""cidass.nmcidade"";N;s:8:""acerazao"";s:23:""ass.nmrazao AS acerazao"";s:17:""emp.nurazaosocial"";N;s:14:""emp.nmfantasia"";N;s:12:""nuc.nmnucleo"";N;s:10:""flativonuc"";s:25:""nuc.flativo AS flativonuc"";s:14:""seg.dssegmento"";N;}","a:3:{s:5:""uface"";s:3:""asc"";s:6:""cidace"";s:3:""asc"";s:6:""nucleo"";s:3:""asc"";}",,Para atualização de informações no portal,"a:1:{i:0;s:5:""uface"";}",,2020-02-28,
56,assxnuc,Relatório Eduardo,cacb,,"a:7:{s:11:""fed.nmrazao"";N;s:8:""cid.iduf"";N;s:12:""cid.nmcidade"";N;s:8:""acerazao"";s:23:""ass.nmrazao as acerazao"";s:12:""nuc.nmnucleo"";N;s:11:""nuc.flativo"";N;s:14:""seg.dssegmento"";N;}","a:3:{s:2:""uf"";s:3:""asc"";s:5:""cidad"";s:3:""asc"";s:6:""flativ"";s:3:""asc"";}",,Relatório para Projeto Transformar,"a:1:{i:0;s:2:""uf"";}",,2020-03-02,